x,kind,top_mean,bottom_mean,last_confirmed_up_x,last_confirmed_down_x
4680,54.35,63.11333333333334,52.14,4670.0,4674.0
4681,45.65,63.11333333333334,52.14,4670.0,4674.0
4682,40.43,63.11333333333334,52.14,4670.0,4674.0
4683,42.55,63.11333333333334,52.14,4670.0,4674.0
4684,40.0,63.11333333333334,52.14,4670.0,4674.0
4685,32.5,63.11333333333334,52.14,4670.0,4674.0
4686,38.24,63.11333333333334,52.14,4670.0,4674.0
4687,31.25,63.11333333333334,52.14,4670.0,4674.0
4688,42.42,63.11333333333334,52.14,4670.0,4684.0
4689,37.14,63.11333333333334,49.712,4670.0,4684.0
4690,28.13,63.11333333333334,49.712,4670.0,4684.0
4691,24.24,63.11333333333334,49.712,4670.0,4684.0
4692,25.0,63.11333333333334,49.712,4670.0,4684.0
4693,19.44,63.11333333333334,49.712,4670.0,4684.0
4694,18.92,63.11333333333334,49.712,4670.0,4684.0
4695,24.24,63.11333333333334,49.712,4670.0,4684.0
4696,32.26,63.11333333333334,49.712,4670.0,4684.0
4697,33.33,63.11333333333334,49.712,4670.0,4684.0
4704,32.26,67.945,54.592499999999994,4670.0,4684.0
4705,32.26,67.945,54.592499999999994,4670.0,4684.0
4706,38.71,67.945,54.592499999999994,4670.0,4684.0
4707,37.5,67.945,54.592499999999994,4670.0,4684.0
4708,50.0,67.945,54.592499999999994,4670.0,4684.0
4709,57.69,67.945,54.592499999999994,4670.0,4684.0
4714,61.76,72.73,55.21333333333333,4670.0,4684.0
4715,31.34,72.73,55.21333333333333,4670.0,4684.0
4716,26.58,72.73,49.785,4670.0,4684.0
4717,23.33,72.73,49.785,4670.0,4684.0
4718,31.0,72.73,49.785,4714.0,4684.0
4719,34.95,67.245,49.785,4714.0,4684.0
4720,34.95,67.245,49.785,4714.0,4684.0
4721,34.31,61.76,49.785,4714.0,4717.0
4722,36.89,61.76,40.96666666666666,4714.0,4717.0
4723,32.41,61.76,40.96666666666666,4714.0,4717.0
4724,33.33,61.76,40.96666666666666,4714.0,4717.0
4725,29.2,61.76,31.665,4714.0,4717.0
4726,29.82,61.76,31.665,4714.0,4717.0
4727,35.34,61.76,31.665,4714.0,4717.0
4728,32.46,61.76,31.665,4714.0,4717.0
4729,30.0,61.76,31.665,4714.0,4717.0
4730,40.24,61.76,31.665,4714.0,4717.0
4731,53.85,61.76,31.665,4714.0,4717.0
4732,67.57,61.76,31.665,4714.0,4717.0
4733,59.09,61.76,31.665,4714.0,4717.0
4734,50.0,61.76,31.665,4714.0,4717.0
4735,51.47,61.76,23.33,4714.0,4717.0
4736,48.57,61.76,23.33,4714.0,4717.0
4737,42.47,61.76,23.33,4714.0,4717.0
4738,44.29,61.76,23.33,4714.0,4717.0
4739,51.25,61.76,23.33,4714.0,4717.0
4740,58.11,61.76,23.33,4714.0,4717.0
4741,60.26,61.76,23.33,4714.0,4717.0
4742,55.56,61.76,23.33,4714.0,4738.0
4743,56.34,61.76,33.81,4714.0,4738.0
4744,52.11,61.76,33.81,4714.0,4738.0
4745,55.22,61.76,33.81,4714.0,4738.0
4746,49.15,61.76,33.81,4714.0,4738.0
4747,42.31,61.76,33.81,4714.0,4738.0
4748,48.08,61.76,33.81,4714.0,4744.0
4749,65.52,61.76,39.910000000000004,4714.0,4744.0
4750,63.79,61.76,39.910000000000004,4714.0,4744.0
4751,70.49,61.76,39.910000000000004,4714.0,4744.0
4752,65.15,61.76,39.910000000000004,4714.0,4744.0
4753,73.13,61.76,39.910000000000004,4749.0,4744.0
4754,55.07,63.64,39.910000000000004,4749.0,4744.0
4755,52.17,63.64,39.910000000000004,4749.0,4744.0
4756,46.15,63.64,39.910000000000004,4749.0,4744.0
4757,38.46,63.64,39.910000000000004,4749.0,4744.0
4758,36.14,63.64,39.910000000000004,4749.0,4744.0
4759,39.76,63.64,39.910000000000004,4749.0,4744.0
4760,42.35,63.64,39.910000000000004,4749.0,4744.0
4761,35.71,63.64,39.910000000000004,4749.0,4744.0
4762,30.91,63.64,39.910000000000004,4749.0,4744.0
4763,31.53,63.64,39.910000000000004,4749.0,4744.0
4764,21.36,63.64,39.910000000000004,4749.0,4744.0
4765,20.95,65.52,39.910000000000004,4749.0,4744.0
4766,15.09,65.52,39.910000000000004,4749.0,4744.0
4767,16.16,65.52,39.910000000000004,4749.0,4744.0
4768,16.16,65.52,48.2,4749.0,4744.0
4769,17.98,65.52,48.2,4749.0,4744.0
4770,21.11,65.52,48.2,4749.0,4744.0
4771,19.79,65.52,48.2,4749.0,4744.0
4772,25.0,65.52,48.2,4749.0,4744.0
4773,27.85,65.52,48.2,4749.0,4769.0
4774,22.62,65.52,38.12666666666667,4749.0,4769.0
4775,20.73,65.52,38.12666666666667,4749.0,4769.0
4776,23.29,65.52,38.12666666666667,4749.0,4769.0
4777,27.42,65.52,38.12666666666667,4749.0,4769.0
4778,26.23,65.52,38.12666666666667,4749.0,4769.0
4779,28.57,65.52,38.12666666666667,4749.0,4769.0
4780,39.34,65.52,38.12666666666667,4749.0,4769.0
4781,42.11,65.52,38.12666666666667,4749.0,4777.0
4782,45.28,65.52,35.45,4749.0,4777.0
4783,36.0,65.52,35.45,4749.0,4777.0
4784,47.27,65.52,35.45,4749.0,4777.0
4785,46.3,65.52,35.45,4749.0,4777.0
4786,48.08,65.52,35.45,4749.0,4777.0
4787,40.35,65.52,35.45,4749.0,4777.0
4788,41.38,65.52,35.45,4784.0,4777.0
4789,45.28,56.394999999999996,32.50333333333334,4784.0,4777.0
4790,45.28,56.394999999999996,32.50333333333334,4784.0,4777.0
4791,48.98,56.394999999999996,32.50333333333334,4784.0,4777.0
4792,58.18,56.394999999999996,32.50333333333334,4784.0,4777.0
4793,55.77,56.394999999999996,32.50333333333334,4784.0,4789.0
4794,61.67,56.394999999999996,35.697500000000005,4784.0,4789.0
4795,51.79,56.394999999999996,30.22666666666667,4784.0,4789.0
4796,50.88,56.394999999999996,30.22666666666667,4784.0,4789.0
4797,48.33,56.394999999999996,30.22666666666667,4784.0,4789.0
4798,50.88,56.394999999999996,30.22666666666667,4784.0,4789.0
4799,42.86,56.394999999999996,30.22666666666667,4784.0,4789.0
4800,42.86,47.27,30.22666666666667,4784.0,4789.0
4801,47.73,47.27,30.22666666666667,4784.0,4789.0
4802,43.75,47.27,30.22666666666667,4784.0,4789.0
4803,35.85,47.27,30.22666666666667,4784.0,4789.0
4804,37.25,47.27,30.22666666666667,4784.0,4789.0
4805,32.73,47.27,30.22666666666667,4784.0,4789.0
4806,37.93,47.27,30.22666666666667,4784.0,4789.0
4807,26.92,47.27,30.22666666666667,4784.0,4789.0
4808,34.48,47.27,30.22666666666667,4784.0,4789.0
4809,24.0,47.27,30.22666666666667,4784.0,4789.0
4810,27.66,47.27,30.22666666666667,4784.0,4806.0
4811,27.66,47.27,32.1525,4784.0,4806.0
4812,27.66,47.27,32.1525,4784.0,4806.0
4813,29.17,47.27,32.1525,4784.0,4806.0
4814,34.62,47.27,32.1525,4810.0,4806.0
4815,34.62,37.465,32.1525,4810.0,4806.0
4816,37.74,37.465,32.1525,4810.0,4806.0
4817,46.51,37.465,32.1525,4810.0,4806.0
4818,50.0,37.465,32.1525,4810.0,4806.0
4819,42.55,37.465,32.1525,4810.0,4806.0
4820,53.19,37.465,36.876666666666665,4816.0,4806.0
4821,45.65,37.55666666666667,36.876666666666665,4816.0,4806.0
4822,37.5,37.55666666666667,36.876666666666665,4816.0,4806.0
4823,36.36,37.55666666666667,36.876666666666665,4816.0,4806.0
4824,37.5,37.55666666666667,36.876666666666665,4816.0,4806.0
4825,39.66,37.55666666666667,36.876666666666665,4816.0,4806.0
4826,40.35,37.55666666666667,36.876666666666665,4816.0,4822.0
4827,36.51,37.55666666666667,37.0325,4816.0,4822.0
4828,34.92,37.55666666666667,40.23666666666667,4816.0,4822.0
4829,27.69,37.55666666666667,40.23666666666667,4816.0,4822.0
4830,23.19,37.55666666666667,40.23666666666667,4816.0,4822.0
4831,27.4,37.55666666666667,40.23666666666667,4816.0,4822.0
4832,27.78,37.55666666666667,40.23666666666667,4816.0,4822.0
4833,25.97,37.55666666666667,40.23666666666667,4816.0,4822.0
4834,34.67,37.55666666666667,40.23666666666667,4816.0,4822.0
4835,31.94,32.7,40.23666666666667,4816.0,4822.0
4836,36.99,32.7,40.23666666666667,4816.0,4822.0
4837,39.71,32.7,40.23666666666667,4816.0,4833.0
4838,34.92,32.7,36.67,4816.0,4833.0
4839,39.71,32.7,36.67,4816.0,4833.0
4840,36.36,32.7,33.800000000000004,4816.0,4833.0
4841,35.82,32.7,33.800000000000004,4816.0,4833.0
4842,40.68,32.7,33.800000000000004,4816.0,4833.0
4843,40.68,32.7,33.800000000000004,4816.0,4833.0
4844,48.21,32.7,33.800000000000004,4816.0,4833.0
4845,55.77,32.7,33.800000000000004,4816.0,4833.0
4846,50.0,32.7,33.800000000000004,4816.0,4842.0
4847,48.94,32.7,35.52,4816.0,4842.0
4848,53.49,32.7,35.52,4816.0,4842.0
4849,50.0,32.7,35.52,4845.0,4842.0
4850,45.0,40.39000000000001,35.52,4845.0,4842.0
4851,38.89,40.39000000000001,35.52,4845.0,4842.0
4852,57.14,40.39000000000001,35.52,4845.0,4842.0
4853,63.41,40.39000000000001,35.52,4845.0,4842.0
4854,54.05,40.39000000000001,35.52,4845.0,4842.0
4855,58.97,40.39000000000001,35.52,4845.0,4842.0
4856,71.43,40.39000000000001,35.52,4845.0,4842.0
4857,73.81,40.39000000000001,34.71666666666667,4845.0,4842.0
4858,76.74,40.39000000000001,34.71666666666667,4845.0,4842.0
4859,79.59,40.39000000000001,34.71666666666667,4845.0,4842.0
4860,74.0,40.39000000000001,34.71666666666667,4845.0,4842.0
4861,74.0,46.755,34.71666666666667,4845.0,4842.0
4862,72.55,46.755,34.71666666666667,4845.0,4842.0
4863,74.0,46.755,34.71666666666667,4859.0,4842.0
4864,72.34,57.70000000000001,34.71666666666667,4859.0,4842.0
4865,70.83,57.70000000000001,34.71666666666667,4859.0,4842.0
4866,72.55,57.70000000000001,34.71666666666667,4859.0,4842.0
4867,69.57,67.68,34.71666666666667,4859.0,4842.0
4868,65.0,67.68,34.71666666666667,4859.0,4842.0
4869,69.23,67.68,34.71666666666667,4859.0,4865.0
4870,64.86,67.68,43.745000000000005,4859.0,4865.0
4871,61.76,67.68,43.745000000000005,4859.0,4865.0
4872,63.89,67.68,43.745000000000005,4859.0,4865.0
4873,71.11,67.68,45.826666666666675,4859.0,4865.0
4874,58.97,67.68,45.826666666666675,4859.0,4865.0
4875,54.76,67.68,45.826666666666675,4859.0,4865.0
4876,53.49,67.68,45.826666666666675,4859.0,4865.0
4877,57.14,67.68,45.826666666666675,4873.0,4865.0
4878,65.0,68.82333333333334,45.826666666666675,4873.0,4865.0
4879,65.0,68.82333333333334,45.826666666666675,4873.0,4865.0
4880,54.17,68.82333333333334,45.826666666666675,4873.0,4865.0
4881,54.17,68.82333333333334,45.826666666666675,4873.0,4865.0
4882,47.17,68.82333333333334,45.826666666666675,4873.0,4865.0
4883,50.88,68.82333333333334,45.826666666666675,4873.0,4865.0
4884,47.46,68.82333333333334,55.754999999999995,4873.0,4865.0
4885,50.82,68.82333333333334,55.754999999999995,4873.0,4865.0
4886,40.91,68.82333333333334,55.754999999999995,4873.0,4865.0
4887,48.0,68.82333333333334,55.754999999999995,4873.0,4865.0
4888,40.0,68.82333333333334,55.754999999999995,4873.0,4865.0
4889,45.45,68.82333333333334,55.754999999999995,4873.0,4865.0
4890,50.82,68.82333333333334,55.754999999999995,4873.0,4865.0
4891,51.67,68.82333333333334,55.754999999999995,4873.0,4887.0
4892,46.15,68.82333333333334,53.169999999999995,4873.0,4887.0
4893,42.42,68.82333333333334,59.415,4873.0,4887.0
4894,44.93,68.82333333333334,59.415,4873.0,4887.0
4895,52.54,68.82333333333334,59.415,4873.0,4887.0
4896,49.12,75.35,59.415,4873.0,4887.0
4897,53.85,75.35,59.415,4873.0,4887.0
4898,46.15,75.35,59.415,4873.0,4887.0
4899,54.55,75.35,59.415,4873.0,4887.0
4900,52.83,75.35,59.415,4873.0,4887.0
4907,34.04,68.41666666666667,59.415,4899.0,4887.0
4908,37.78,68.41666666666667,59.415,4899.0,4887.0
4909,31.82,68.41666666666667,59.415,4899.0,4887.0
4910,29.79,62.83,59.415,4899.0,4887.0
4911,34.69,62.83,59.415,4899.0,4887.0
4912,36.73,62.83,59.415,4899.0,4887.0
4917,36.59,62.83,48.0,4899.0,4887.0
4918,50.0,62.83,48.0,4899.0,4887.0
4919,53.19,62.83,48.0,4899.0,4887.0
4920,60.42,62.83,48.0,4899.0,4887.0
4921,58.0,62.83,48.0,4899.0,4887.0
4922,52.0,62.83,48.0,4899.0,4887.0
4923,53.85,62.83,48.0,4899.0,4887.0
4924,50.0,54.55,48.0,4899.0,4887.0
4925,57.89,54.55,48.0,4899.0,4887.0
4926,64.18,54.55,48.0,4899.0,4887.0
4927,62.69,54.55,48.0,4899.0,4887.0
4928,66.67,54.55,48.0,4899.0,4887.0
4929,65.71,54.55,48.0,4899.0,4925.0
4930,64.71,54.55,52.945,4899.0,4925.0
4931,64.71,54.55,52.945,4899.0,4925.0
4932,70.83,54.55,52.945,4899.0,4925.0
4933,65.67,54.55,52.945,4899.0,4925.0
4934,56.72,54.55,52.945,4899.0,4925.0
4935,53.13,54.55,52.945,4899.0,4925.0
4936,55.74,54.55,52.945,4932.0,4925.0
4937,55.74,62.69,52.945,4932.0,4925.0
4938,52.54,62.69,57.89,4932.0,4925.0
4939,60.71,62.69,57.89,4932.0,4925.0
4940,51.79,62.69,57.89,4932.0,4925.0
4941,38.64,62.69,57.89,4932.0,4925.0
4942,34.0,62.69,57.89,4932.0,4925.0
4943,34.0,62.69,57.89,4932.0,4925.0
4944,40.0,62.69,57.89,4932.0,4925.0
4945,43.4,62.69,57.89,4932.0,4925.0
4946,43.4,62.69,57.89,4932.0,4925.0
4947,32.65,62.69,57.89,4932.0,4925.0
4948,36.73,62.69,57.89,4932.0,4925.0
4949,40.91,62.69,57.89,4945.0,4925.0
4950,52.83,57.114999999999995,57.89,4945.0,4925.0
4951,64.29,57.114999999999995,57.89,4945.0,4925.0
4952,65.45,57.114999999999995,57.89,4945.0,4925.0
4953,61.02,57.114999999999995,57.89,4945.0,4949.0
4954,61.67,57.114999999999995,49.4,4945.0,4949.0
4955,66.07,57.114999999999995,49.4,4951.0,4949.0
4956,66.07,59.50666666666666,49.4,4951.0,4949.0
4957,78.18,59.50666666666666,49.4,4951.0,4949.0
4958,70.91,59.50666666666666,49.4,4951.0,4949.0
4959,70.37,59.50666666666666,49.4,4951.0,4955.0
4960,60.34,59.50666666666666,54.95666666666667,4951.0,4955.0
4961,53.23,59.50666666666666,54.95666666666667,4957.0,4955.0
4962,55.0,64.175,54.95666666666667,4957.0,4955.0
4963,57.81,64.175,54.95666666666667,4957.0,4955.0
4964,59.37,64.175,54.95666666666667,4957.0,4955.0
4965,51.85,64.175,54.95666666666667,4957.0,4961.0
4966,45.83,64.175,54.525,4957.0,4961.0
4967,47.83,64.175,54.525,4957.0,4961.0
4968,51.16,64.175,54.525,4957.0,4961.0
4969,47.5,64.175,54.525,4957.0,4961.0
4970,47.5,64.175,54.525,4957.0,4961.0
4971,25.0,64.175,54.525,4957.0,4961.0
4972,16.9,64.175,54.525,4957.0,4961.0
4973,20.29,64.175,54.525,4957.0,4961.0
4974,17.14,64.175,54.525,4970.0,4961.0
4975,17.14,60.839999999999996,54.525,4970.0,4961.0
4976,17.39,60.839999999999996,53.40333333333333,4970.0,4961.0
4977,21.13,60.839999999999996,53.40333333333333,4970.0,4973.0
4978,17.65,60.839999999999996,45.12499999999999,4970.0,4973.0
4979,15.07,60.839999999999996,45.12499999999999,4970.0,4973.0
4980,13.58,60.839999999999996,45.12499999999999,4970.0,4973.0
4981,15.66,60.839999999999996,45.12499999999999,4970.0,4973.0
4982,21.35,60.839999999999996,45.12499999999999,4970.0,4973.0
4983,26.09,58.3425,45.12499999999999,4970.0,4973.0
4984,23.23,58.3425,45.12499999999999,4970.0,4973.0
4985,24.24,58.3425,45.12499999999999,4970.0,4981.0
4986,35.82,58.3425,39.23199999999999,4970.0,4981.0
4987,38.1,58.3425,39.23199999999999,4983.0,4981.0
4988,35.48,51.891999999999996,39.23199999999999,4983.0,4981.0
4989,37.29,51.891999999999996,39.23199999999999,4983.0,4981.0
4990,32.84,51.891999999999996,39.23199999999999,4983.0,4981.0
4991,35.48,51.891999999999996,39.23199999999999,4983.0,4981.0
4992,30.65,51.891999999999996,39.23199999999999,4983.0,4981.0
4993,26.23,51.891999999999996,39.23199999999999,4983.0,4981.0
4994,29.09,51.891999999999996,39.23199999999999,4983.0,4981.0
4995,39.22,51.891999999999996,39.23199999999999,4983.0,4981.0
4996,38.0,54.01500000000001,39.23199999999999,4983.0,4981.0
4997,26.53,54.01500000000001,39.23199999999999,4983.0,4981.0
4998,17.02,54.01500000000001,39.23199999999999,4983.0,4994.0
4999,11.43,54.01500000000001,37.541666666666664,4983.0,4994.0
5000,19.48,54.01500000000001,36.867999999999995,4983.0,4994.0
5001,18.52,54.01500000000001,36.867999999999995,4983.0,4994.0
5002,20.73,50.59,36.867999999999995,4983.0,4994.0
5003,20.0,50.59,36.867999999999995,4983.0,4999.0
5004,30.61,50.59,32.62833333333333,4983.0,4999.0
5005,30.0,50.59,32.62833333333333,4983.0,4999.0
5006,32.69,50.59,25.939999999999998,4983.0,4999.0
5007,38.53,50.59,25.939999999999998,4983.0,4999.0
5008,40.37,36.795,25.939999999999998,4983.0,4999.0
5009,37.61,36.795,25.939999999999998,4983.0,4999.0
5010,34.19,36.795,25.939999999999998,4983.0,4999.0
5011,30.83,36.795,25.939999999999998,4983.0,4999.0
5012,30.33,36.795,19.1175,5008.0,4999.0
5013,34.4,37.98666666666667,19.1175,5008.0,4999.0
5014,46.32,37.98666666666667,19.1175,5008.0,4999.0
5015,45.74,37.98666666666667,19.1175,5008.0,4999.0
5016,50.54,37.98666666666667,19.1175,5008.0,4999.0
5017,46.87,37.98666666666667,19.1175,5008.0,4999.0
5018,50.0,37.98666666666667,19.1175,5008.0,4999.0
5019,42.68,37.98666666666667,19.1175,5008.0,4999.0
5020,49.3,37.98666666666667,19.1175,5008.0,4999.0
5021,43.06,33.23,19.1175,5017.0,4999.0
5022,37.88,37.776666666666664,19.1175,5017.0,4999.0
5023,36.92,37.776666666666664,19.1175,5017.0,4999.0
5024,32.43,37.776666666666664,18.726666666666667,5017.0,4999.0
5025,33.8,37.776666666666664,18.726666666666667,5017.0,4999.0
5026,38.81,37.776666666666664,18.726666666666667,5017.0,4999.0
5027,43.33,37.776666666666664,18.726666666666667,5017.0,4999.0
5028,38.18,37.776666666666664,18.726666666666667,5017.0,4999.0
5029,31.75,37.776666666666664,18.726666666666667,5017.0,4999.0
5030,29.51,37.776666666666664,18.726666666666667,5017.0,4999.0
5031,23.73,37.776666666666664,18.726666666666667,5017.0,4999.0
5032,25.93,37.776666666666664,20.259999999999998,5017.0,4999.0
5033,27.27,37.776666666666664,20.259999999999998,5017.0,4999.0
5034,29.82,43.62,20.259999999999998,5017.0,4999.0
5035,38.18,43.62,20.259999999999998,5017.0,4999.0
5036,36.21,43.62,20.259999999999998,5017.0,4999.0
5037,33.93,43.62,20.259999999999998,5017.0,5033.0
5038,31.58,43.62,22.596666666666664,5017.0,5033.0
5039,54.17,43.62,22.596666666666664,5035.0,5033.0
5040,59.62,41.806666666666665,22.596666666666664,5035.0,5033.0
5041,58.82,41.806666666666665,22.596666666666664,5035.0,5033.0
5042,63.79,41.806666666666665,22.596666666666664,5035.0,5033.0
5043,61.02,41.806666666666665,22.596666666666664,5035.0,5033.0
5044,67.92,41.806666666666665,22.596666666666664,5035.0,5033.0
5045,66.0,41.806666666666665,19.35,5035.0,5033.0
5046,67.35,41.806666666666665,19.35,5035.0,5033.0
5047,69.81,41.806666666666665,19.35,5043.0,5033.0
5048,70.91,46.61,19.35,5043.0,5033.0
5049,69.23,46.61,19.35,5043.0,5033.0
5050,58.18,46.61,27.27,5043.0,5033.0
5051,61.54,46.61,27.27,5043.0,5033.0
5052,58.18,46.61,27.27,5043.0,5033.0
5053,64.41,46.61,27.27,5049.0,5033.0
5054,53.57,51.134,27.27,5049.0,5033.0
5055,45.45,51.134,27.27,5049.0,5033.0
5056,49.15,51.134,27.27,5049.0,5033.0
5057,44.44,51.134,27.27,5049.0,5033.0
5058,49.09,51.134,27.27,5049.0,5033.0
5059,47.37,53.825,27.27,5049.0,5033.0
5060,48.28,53.825,27.27,5049.0,5033.0
5061,47.46,53.825,27.27,5049.0,5033.0
5062,47.46,53.825,27.27,5049.0,5033.0
5063,43.64,53.825,27.27,5049.0,5033.0
5064,45.61,53.825,27.27,5049.0,5033.0
5065,50.98,53.825,27.27,5049.0,5033.0
5066,60.78,53.825,27.27,5049.0,5062.0
5067,62.0,53.825,37.365,5049.0,5062.0
5068,57.78,56.14333333333334,37.365,5049.0,5062.0
5069,65.0,56.14333333333334,37.365,5049.0,5062.0
5070,68.42,56.14333333333334,37.365,5049.0,5062.0
5071,58.33,56.14333333333334,37.365,5049.0,5062.0
5072,51.35,56.14333333333334,37.365,5049.0,5062.0
5073,45.71,56.14333333333334,37.365,5049.0,5062.0
5074,54.84,56.14333333333334,37.365,5049.0,5062.0
5075,51.72,56.14333333333334,37.365,5049.0,5062.0
5076,55.56,56.14333333333334,37.365,5049.0,5072.0
5077,55.56,56.14333333333334,42.02666666666667,5049.0,5072.0
5078,50.0,56.14333333333334,42.02666666666667,5049.0,5072.0
5079,50.0,56.14333333333334,42.02666666666667,5049.0,5072.0
5080,55.17,56.14333333333334,42.02666666666667,5049.0,5072.0
5081,45.83,56.14333333333334,42.02666666666667,5049.0,5072.0
5082,52.17,56.14333333333334,42.02666666666667,5049.0,5072.0
5083,44.0,56.14333333333334,42.02666666666667,5049.0,5072.0
5084,39.29,56.14333333333334,49.405,5049.0,5072.0
5085,46.43,56.14333333333334,49.405,5049.0,5072.0
5086,55.56,65.125,49.405,5082.0,5072.0
5087,60.0,60.80666666666667,49.405,5082.0,5072.0
5088,64.0,60.80666666666667,49.405,5082.0,5072.0
5089,67.86,60.80666666666667,49.405,5082.0,5072.0
5090,73.53,60.80666666666667,49.405,5082.0,5072.0
5091,67.57,60.80666666666667,49.405,5082.0,5072.0
5092,60.0,60.80666666666667,49.405,5082.0,5072.0
5093,65.71,60.80666666666667,49.405,5082.0,5072.0
5094,61.76,60.7,49.405,5090.0,5072.0
5095,60.61,64.97666666666667,49.405,5090.0,5072.0
5096,60.61,64.97666666666667,49.405,5090.0,5072.0
5097,57.58,64.97666666666667,49.405,5090.0,5072.0
5098,59.37,64.97666666666667,49.405,5090.0,5072.0
5099,68.75,64.97666666666667,49.405,5090.0,5072.0
5100,66.67,62.85,49.405,5096.0,5072.0
5101,60.0,62.10333333333333,49.405,5096.0,5072.0
5102,58.06,62.10333333333333,49.405,5096.0,5072.0
5103,61.76,62.10333333333333,49.405,5096.0,5072.0
5110,45.45,62.10333333333333,49.405,5096.0,5072.0
5111,47.83,62.10333333333333,49.405,5096.0,5072.0
5112,52.17,62.10333333333333,49.405,5096.0,5072.0
5113,50.0,62.10333333333333,51.35,5096.0,5072.0
5114,47.83,62.10333333333333,51.35,5096.0,5072.0
5115,44.0,62.10333333333333,51.35,5096.0,5072.0
